cuisine	assortativeCoefficient	transitivity	avgClusteringCoefficient	degreeCentrality	betweeness	closeness	id
indian	-0.395086896746	0.420394998617	0.778070957107	0.000907050889025	0.0526761906844	0.578844085522	356
chinese	-0.352731830468	0.419808510254	0.749142507603	0.00080840610136	0.0514626833908	0.519666315595	156
spanish	-0.332752615494	0.433864351655	0.76190581883	0.000690251118621	0.0360699646953	0.434559865263	724
mexican	-0.356115875139	0.427570819812	0.77771186866	0.000699712930232	0.0432000413972	0.493846625126	484
italian	-0.380466534959	0.450461966335	0.790179448039	0.000551848191427	0.0284091976137	0.444379736776	380
french	-0.367002388217	0.444954984459	0.776582210535	0.000520111913357	0.0255618172103	0.436810829283	250
