cuisine	assortativeCoefficient	transitivity	avgClusteringCoefficient	degreeCentrality	betweeness	closeness	id
indian	-0.395086896746	0.420394998617	0.726268629737	0.000856169707758	0.0527494599771	0.643632333776	356
indian	-0.395086896746	0.420394998617	0.726268629737	0.000856169707758	0.0527494599771	0.643632333776	356
chinese	-0.352731830468	0.419808510254	0.693758431165	0.000757461341961	0.0515480901633	0.588538380422	156
italian	-0.380496491957	0.450388343492	0.721520547404	0.000512729582788	0.0284804897395	0.526751678987	380
french	-0.366975028256	0.444924449323	0.693673728849	0.000474852922026	0.025641107701	0.53649176982	250
spanish	-0.332594943558	0.433571846865	0.695043746158	0.000640043965636	0.0361673288322	0.515531613491	724
mexican	-0.356115875139	0.427570819812	0.704108578924	0.00064329648792	0.0432935149263	0.580470968252	484
