cuisine	assortativeCoefficient	transitivity	avgClusteringCoefficient	degreeCentrality	betweeness	closeness	id
indian	-0.344180122354	0.272345890031	0.489785281864	0.000523983978638	0.0355501416958	0.355228056576	356
