cuisine	assortativeCoefficient	transitivity	avgClusteringCoefficient	degreeCentrality	betweeness	closeness	id
indian	-0.392222941084	0.421540980624	0.742165745812	0.000864968402314	0.0533421004826	0.651166702054	356
