cuisine	assortativeCoefficient	transitivity	avgClusteringCoefficient	degreeCentrality	betweeness	closeness	id
indian	-0.344180122354	0.272345890031	0.523972573618	0.000553120032606	0.0354706074601	0.294169304737	356
chinese	-0.293886279094	0.275960771522	0.520906054757	0.000434887611119	0.0310180622181	0.247069736719	156
spanish	-0.284685060732	0.289161513051	0.532445188061	0.000399597425454	0.0226053072545	0.234900155827	724
mexican	-0.322174513131	0.285077846382	0.548818427671	0.000384384985606	0.0352619996614	0.232786475086	484
italian	-0.355980375237	0.276055249926	0.497846227319	0.000318487477803	0.0281410310963	0.23748043343	380
french	-0.321751394797	0.297558670112	0.51443096342	0.000326502378311	0.0220085741411	0.241807353396	250
