cuisine	assortativeCoefficient	transitivity	avgClusteringCoefficient	degreeCentrality	betweeness	closeness	id
indian	-0.406489247682	0.412703376785	0.737061828987	0.000894759866857	0.0526305774738	0.560593328219	356
chinese	-0.356593006245	0.417492003301	0.73352051475	0.000800169615213	0.0512381550476	0.510094829998	156
spanish	-0.332243075196	0.433623491098	0.761347688713	0.000690698538966	0.0361475875934	0.435452847553	724
mexican	-0.358965609934	0.425950300204	0.765452703026	0.000693189442913	0.0429563953092	0.486856566383	484
italian	-0.421711204018	0.417377198074	0.671016048224	0.000517065832619	0.0272111686404	0.403902862223	380
french	-0.389454301018	0.429874721862	0.71042319363	0.000498949398116	0.0248593035903	0.408527163226	250
