cuisine	assortativeCoefficient	transitivity	avgClusteringCoefficient	degreeCentrality	betweeness	closeness	id
indian	-0.392222941084	0.421540980624	0.742165745812	0.000864968402314	0.0533421004826	0.651166702054	356
indian	-0.392222941084	0.421540980624	0.742165745812	0.000864968402314	0.0533421004826	0.651166702054	356
italian	-0.37992524072	0.45198495518	0.72317835029	0.000513948757972	0.0283957042696	0.5274829998	380
french	-0.366904562519	0.444895162227	0.694359003144	0.000474845429325	0.0256628872765	0.535881508163	250
chinese	-0.351900844163	0.420033615986	0.70066271014	0.000759095328531	0.0516131705786	0.588829776085	156
spanish	-0.33208879299	0.433331654139	0.695489756308	0.000641195926207	0.036243652472	0.515393655152	724
mexican	-0.35627462909	0.427297281704	0.705181938345	0.000643248830151	0.0433013611889	0.579348975485	484
