frequency,frac
0.0,1.85733249643
0.301029995664,1.50514997832
0.47712125472,1.14612803568
0.602059991328,0.698970004336
0.698970004336,0.778151250384
0.778151250384,0.602059991328
0.845098040014,0.47712125472
0.954242509439,0.0
1.04139268516,0.301029995664
1.07918124605,0.0
1.11394335231,0.301029995664
1.14612803568,0.0
1.36172783602,0.301029995664
1.43136376416,0.301029995664
