cuisine	assortativeCoefficient	transitivity	avgClusteringCoefficient	degreeCentrality	betweeness	closeness	id
indian	-0.395086896746	0.420394998617	0.726268629737	0.000856169707758	0.0527494599771	0.643632333776	356
