cuisine	assortativeCoefficient	transitivity	avgClusteringCoefficient	degreeCentrality	betweeness	closeness	id
indian	-0.406489247682	0.412703376785	0.688971243607	0.000845673935618	0.052702564987	0.624142407911	356
